Cod,AA,Fract,Frequ,Number
GGT,Gly,0.1616,0.0104,118814
GGC,Gly,0.3401,0.0238,250029
GGA,Gly,0.2515,0.0161,184865
GGG,Gly,0.2468,0.0165,181472
GCT,Ala,0.2614,0.018,205716
GCC,Ala,0.4003,0.0295,315008
GCA,Ala,0.2289,0.0155,180091
GCG,Ala,0.1093,0.009,86030
GTT,Val,0.1852,0.0104,123857
GTC,Val,0.2344,0.0145,156779
GTA,Val,0.1204,0.0067,80534
GTG,Val,0.46,0.0284,307670
TGT,Cys,0.4654,0.0109,118903
TGC,Cys,0.5346,0.0141,136571
CCT,Pro,0.2848,0.0166,200741
CCC,Pro,0.3221,0.0207,226973
CCA,Pro,0.2765,0.0162,194885
CCG,Pro,0.1166,0.008,82157
TTA,Leu,0.0797,0.0071,89054
TTG,Leu,0.1306,0.0126,145863
CTT,Leu,0.1339,0.0127,149629
CTC,Leu,0.1903,0.0201,212649
CTA,Leu,0.0717,0.0069,80141
CTG,Leu,0.3937,0.0413,439832
ATT,Ile,0.3679,0.0154,179097
ATC,Ile,0.4565,0.021,222217
ATA,Ile,0.1756,0.0072,85509
ATG,Met,1.0,0.0227,238692
TGG,Trp,1.0,0.0126,134198
TTT,Phe,0.4688,0.017,191778
TTC,Phe,0.5312,0.0212,217320
TCT,Ser,0.1869,0.0141,173950
TCC,Ser,0.2124,0.0178,197609
TCA,Ser,0.1534,0.0113,142775
TCG,Ser,0.0548,0.0048,51036
AGT,Ser,0.1528,0.0113,142158
AGC,Ser,0.2397,0.0197,223050
ACT,Thr,0.2542,0.0125,150934
ACC,Thr,0.3467,0.0186,205854
ACA,Thr,0.2868,0.014,170294
ACG,Thr,0.1123,0.0061,66657
TAT,Tyr,0.452,0.0122,135248
TAC,Tyr,0.548,0.0157,163988
AAT,Asn,0.4812,0.0159,194231
AAC,Asn,0.5188,0.0188,209437
CAA,Gln,0.2693,0.0118,144183
CAG,Gln,0.7307,0.0339,391237
AAA,Lys,0.4439,0.0244,287537
AAG,Lys,0.5561,0.0331,360172
CGT,Arg,0.0792,0.0045,50129
CGC,Arg,0.1847,0.0117,116894
CGA,Arg,0.1084,0.0061,68583
CGG,Arg,0.2037,0.012,128921
AGA,Arg,0.2147,0.0118,135870
AGG,Arg,0.2092,0.012,132379
CAT,His,0.4257,0.0105,125015
CAC,His,0.5743,0.0152,168670
GAT,Asp,0.4706,0.0206,251775
GAC,Asp,0.5294,0.0252,283270
GAA,Glu,0.4312,0.0282,346603
GAG,Glu,0.5688,0.0401,457221
TAA,*,0.2828,0.0009,5466
TAG,*,0.2243,0.0007,4334
TGA,*,0.4929,0.0015,9526
